provider_name,total_patients,avg_length_of_stay,avg_satisfaction,avg_cost,pipeline_stage,contact_count,opportunity_value,total_quantity_on_hand,avg_daily_usage,total_items,predicted_opportunity_value
Dr. Brown,175,4.708571428571428,84.6912,5006.011314285714,Prospecting,12,304472,183,6.8,5,304472.00000000093
Dr. Johnson,223,5.098654708520179,84.46569506726456,5114.348565022421,Closed Won,36,374401,358,5.2,5,-353080.97886303626
Dr. Jones,208,4.927884615384615,85.18423076923077,4863.788557692308,Prospecting,39,127924,277,6.2,5,127924.00000000093
Dr. Smith,201,4.8159203980099505,84.69228855721394,5005.355621890547,Proposal,25,53771,260,2.0,5,53771.0
Dr. Williams,193,4.875647668393782,84.82575129533679,5116.527772020725,Negotiation,9,157779,318,4.0,5,-209207.29161032848
